country,in_degree,out_degree,total_degree,in_strength,out_strength,total_strength,betweenness,eigen_centrality,in_degree_norm,out_degree_norm,total_degree_norm
United States of America,117,164,281,1685,5167,6852,1406.296589112173,0.3955920575691256,0.5879396984924623,0.8241206030150754,0.7060301507537688
France,103,165,268,2225,6038,8263,967.39863901414,0.8848122305648319,0.5175879396984925,0.8291457286432161,0.6733668341708543
Netherlands (Kingdom of the),92,165,257,2786,5636,8422,1033.6273092521933,1,0.4623115577889447,0.8291457286432161,0.6457286432160804
Germany,96,147,243,2540,4667,7207,646.0512700205941,0.9567710612635012,0.4824120603015075,0.7386934673366834,0.6105527638190955
United Kingdom of Great Britain and Northern Ireland,92,151,243,1617,3735,5352,1006.4831505639645,0.5784666089886011,0.4623115577889447,0.7587939698492462,0.6105527638190955
Canada,92,128,220,948,1864,2812,1691.9562098637589,0.3253092667636671,0.4623115577889447,0.6432160804020101,0.5527638190954773
Belgium,76,142,218,1693,3096,4789,532.2547919589784,0.7191338114328014,0.38190954773869346,0.7135678391959799,0.5477386934673367
United Arab Emirates,98,112,210,1792,1261,3053,1505.8550726953329,0.4823312743342425,0.49246231155778897,0.5628140703517588,0.5276381909547738
Spain,73,121,194,1573,2082,3655,200.5874438963958,0.6813498218639766,0.36683417085427134,0.6080402010050251,0.48743718592964824
Italy,81,106,187,2233,2008,4241,898.8585668417486,0.9287807077238315,0.40703517587939697,0.5326633165829145,0.46984924623115576
South Africa,76,102,178,745,1764,2509,1028.9508299430674,0.18054608653218537,0.38190954773869346,0.5125628140703518,0.4472361809045226
Thailand,74,100,174,928,1218,2146,1459.4906463566663,0.2751002736715105,0.37185929648241206,0.5025125628140703,0.4371859296482412
Switzerland,79,88,167,1261,1031,2292,1228.8109591151097,0.584755834217736,0.3969849246231156,0.44221105527638194,0.41959798994974873
India,59,102,161,483,916,1399,1655.3639041498523,0.15360697150086056,0.2964824120603015,0.5125628140703518,0.4045226130653266
Denmark,61,99,160,1091,2217,3308,777.6810781776178,0.4650240129657276,0.3065326633165829,0.49748743718592964,0.4020100502512563
Hungary,56,104,160,1348,2481,3829,398.1951568140141,0.6077234164084165,0.2814070351758794,0.5226130653266332,0.4020100502512563
"China, mainland",61,88,149,745,589,1334,1069.949756963243,0.2003053812132053,0.3065326633165829,0.44221105527638194,0.3743718592964824
Brazil,53,94,147,487,877,1364,864.8977183402742,0.15781504101464333,0.2663316582914573,0.4723618090452261,0.3693467336683417
Czechia,53,92,145,1011,2053,3064,379.90620289318366,0.48334651402555523,0.2663316582914573,0.4623115577889447,0.36432160804020103
Egypt,67,74,141,634,460,1094,784.9772919179088,0.23143765412083353,0.33668341708542715,0.37185929648241206,0.3542713567839196
Ireland,59,82,141,863,1323,2186,159.61780511692632,0.3780287082012979,0.2964824120603015,0.4120603015075377,0.3542713567839196
Russian Federation,67,74,141,1361,905,2266,467.6583976871551,0.497429465209827,0.33668341708542715,0.37185929648241206,0.3542713567839196
Australia,46,93,139,381,1669,2050,738.4313254246304,0.10035740946307424,0.23115577889447236,0.46733668341708545,0.3492462311557789
Poland,54,85,139,1470,1824,3294,204.1774847516794,0.6211655080614069,0.271356783919598,0.4271356783919598,0.3492462311557789
United Republic of Tanzania,54,85,139,535,429,964,1181.2261245344248,0.11968584409736566,0.271356783919598,0.4271356783919598,0.3492462311557789
Austria,55,83,138,1271,1705,2976,425.2288641288033,0.5783692530445775,0.27638190954773867,0.41708542713567837,0.34673366834170855
Türkiye,64,69,133,838,421,1259,341.0765141332097,0.32803211613395045,0.32160804020100503,0.34673366834170855,0.3341708542713568
Saudi Arabia,79,51,130,1152,523,1675,1315.8903101455837,0.28766393507257604,0.3969849246231156,0.2562814070351759,0.32663316582914576
Kuwait,67,61,128,920,419,1339,1140.9042436386899,0.2776135060999412,0.33668341708542715,0.3065326633165829,0.32160804020100503
Malaysia,58,69,127,858,506,1364,789.5672858521693,0.23049001539286673,0.2914572864321608,0.34673366834170855,0.31909547738693467
Sweden,57,69,126,695,854,1549,359.8049537222867,0.28643243919003597,0.2864321608040201,0.34673366834170855,0.3165829145728643
Qatar,69,56,125,1040,424,1464,678.4096980365964,0.2715666395203655,0.34673366834170855,0.2814070351758794,0.314070351758794
Argentina,42,74,116,439,859,1298,266.1546777538095,0.12475770413051561,0.21105527638190955,0.37185929648241206,0.2914572864321608
Portugal,39,75,114,733,735,1468,154.78644900467802,0.38607429795629367,0.19597989949748743,0.3768844221105528,0.2864321608040201
Japan,55,58,113,696,304,1000,850.7676951441254,0.21485308445961188,0.27638190954773867,0.2914572864321608,0.28391959798994976
Bulgaria,49,63,112,882,657,1539,533.8437819489676,0.42298522507862224,0.24623115577889448,0.3165829145728643,0.2814070351758794
Romania,45,61,106,1176,1209,2385,168.5744112769821,0.5610444003848423,0.22613065326633167,0.3065326633165829,0.2663316582914573
Slovakia,46,60,106,962,1151,2113,236.42375528563142,0.4454683832385557,0.23115577889447236,0.3015075376884422,0.2663316582914573
Indonesia,46,59,105,442,308,750,969.0653548520256,0.13622157631856427,0.23115577889447236,0.2964824120603015,0.2638190954773869
New Zealand,33,69,102,228,895,1123,783.1813094928191,0.053904356280382995,0.1658291457286432,0.34673366834170855,0.2562814070351759
Ukraine,45,56,101,813,405,1218,426.725427160225,0.37806008749471204,0.22613065326633167,0.2814070351758794,0.2537688442211055
Norway,48,52,100,702,453,1155,245.24456004005677,0.26487177631232,0.24120603015075376,0.2613065326633166,0.25125628140703515
Uganda,51,49,100,482,384,866,808.353303882393,0.11946007861569685,0.2562814070351759,0.24623115577889448,0.25125628140703515
Luxembourg,39,60,99,676,665,1341,528.3807531339387,0.35704621731686326,0.19597989949748743,0.3015075376884422,0.24874371859296482
Jordan,63,32,95,758,413,1171,195.88952674329215,0.24329166488400744,0.3165829145728643,0.16080402010050251,0.23869346733668342
Lebanon,66,27,93,984,195,1179,239.48951096184905,0.376402171175048,0.3316582914572864,0.135678391959799,0.23366834170854273
Israel,48,44,92,639,238,877,276.38258821627255,0.2560574701011339,0.24120603015075376,0.22110552763819097,0.23115577889447236
Singapore,50,42,92,665,282,947,278.20668791297356,0.1812559315730049,0.25125628140703515,0.21105527638190955,0.23115577889447236
Bahrain,66,25,91,819,230,1049,648.1643452955018,0.2149704856515627,0.3316582914572864,0.12562814070351758,0.228643216080402
Republic of Korea,44,47,91,571,175,746,127.5117156397606,0.20215676407390631,0.22110552763819097,0.23618090452261306,0.228643216080402
Philippines,40,50,90,510,229,739,382.0002492284119,0.15851214688660215,0.20100502512562815,0.25125628140703515,0.22613065326633167
Kenya,44,45,89,421,382,803,551.3720479120586,0.11256291610088485,0.22110552763819097,0.22613065326633167,0.2236180904522613
Pakistan,52,37,89,448,232,680,608.7672398654454,0.16776065406902688,0.2613065326633166,0.18592964824120603,0.2236180904522613
Chile,42,46,88,376,407,783,433.1405623770283,0.12350401404176267,0.21105527638190955,0.23115577889447236,0.22110552763819097
Ethiopia,40,48,88,265,454,719,801.1011807297033,0.10220286773718884,0.20100502512562815,0.24120603015075376,0.22110552763819097
Croatia,43,44,87,945,580,1525,250.33875631031432,0.43080319067299044,0.21608040201005024,0.22110552763819097,0.2185929648241206
Greece,48,38,86,1201,558,1759,202.83094246438046,0.5870202055184132,0.24120603015075376,0.19095477386934673,0.21608040201005024
Mexico,46,40,86,589,385,974,195.43387798635135,0.1753502839762748,0.23115577889447236,0.20100502512562815,0.21608040201005024
Finland,44,40,84,483,342,825,588.0412824936892,0.1987336660572102,0.22110552763819097,0.20100502512562815,0.21105527638190955
Slovenia,39,44,83,687,634,1321,321.3135823939723,0.32628450964392314,0.19597989949748743,0.22110552763819097,0.20854271356783918
Oman,57,25,82,724,387,1111,423.5518044619054,0.18838789650015839,0.2864321608040201,0.12562814070351758,0.20603015075376885
"China, Hong Kong SAR",45,35,80,472,188,660,143.85737980967173,0.11784393046376705,0.22613065326633167,0.17587939698492464,0.20100502512562815
Latvia,31,48,79,527,498,1025,109.88790332429504,0.21858352177520327,0.15577889447236182,0.24120603015075376,0.1984924623115578
Senegal,30,49,79,360,234,594,596.8037395131794,0.13947893394256697,0.1507537688442211,0.24623115577889448,0.1984924623115578
Ghana,57,21,78,498,98,596,729.181761894367,0.1559955585802531,0.2864321608040201,0.10552763819095477,0.19597989949748743
Serbia,39,39,78,839,442,1281,158.32804747226243,0.35769252373339117,0.19597989949748743,0.19597989949748743,0.19597989949748743
Kazakhstan,50,27,77,608,226,834,596.9511092305546,0.22117570768008973,0.25125628140703515,0.135678391959799,0.1934673366834171
Iran (Islamic Republic of),39,37,76,396,279,675,296.6632830424241,0.16714314995440488,0.19597989949748743,0.18592964824120603,0.19095477386934673
Cyprus,33,42,75,391,167,558,526.8863430713117,0.1933327667476559,0.1658291457286432,0.21105527638190955,0.1884422110552764
Ecuador,45,30,75,497,99,596,306.95810519499497,0.10665955453286302,0.22613065326633167,0.1507537688442211,0.1884422110552764
Estonia,27,48,75,417,487,904,130.1980852828351,0.15883528615890036,0.135678391959799,0.24120603015075376,0.1884422110552764
Lithuania,31,44,75,657,692,1349,21.909863719241656,0.2739404174536023,0.15577889447236182,0.22110552763819097,0.1884422110552764
Uruguay,25,47,72,233,454,687,97.4052187250884,0.0538759001053596,0.12562814070351758,0.23618090452261306,0.18090452261306533
Colombia,31,40,71,411,289,700,249.25048300795154,0.11555822013981047,0.15577889447236182,0.20100502512562815,0.17839195979899497
Niger,21,48,69,215,542,757,335.61625480515664,0.03805577509612132,0.10552763819095477,0.24120603015075376,0.17336683417085427
Sri Lanka,38,31,69,183,148,331,321.3308061321523,0.06010800719416763,0.19095477386934673,0.15577889447236182,0.17336683417085427
Myanmar,29,38,67,291,138,429,487.58474400796166,0.06925426395836705,0.1457286432160804,0.19095477386934673,0.16834170854271358
Belarus,32,34,66,551,210,761,228.53450940038738,0.22775311473721738,0.16080402010050251,0.1708542713567839,0.1658291457286432
Viet Nam,47,19,66,492,79,571,404.79065478922917,0.137310551207076,0.23618090452261306,0.09547738693467336,0.1658291457286432
Georgia,36,28,64,361,199,560,165.13118394966807,0.13351119783635365,0.18090452261306533,0.1407035175879397,0.16080402010050251
Peru,31,33,64,303,301,604,260.0452834110787,0.07563187349147318,0.15577889447236182,0.1658291457286432,0.16080402010050251
Morocco,31,32,63,463,175,638,268.8897091756364,0.23468299904713547,0.15577889447236182,0.16080402010050251,0.15829145728643215
Nigeria,45,15,60,300,109,409,307.7952657741365,0.05878787877086585,0.22613065326633167,0.07537688442211055,0.1507537688442211
Angola,36,23,59,311,63,374,644.2441929762658,0.06268528485833459,0.18090452261306533,0.11557788944723618,0.14824120603015076
"China, Taiwan Province of",31,28,59,360,102,462,315.3573448732284,0.12376556431396366,0.15577889447236182,0.1407035175879397,0.14824120603015076
Azerbaijan,40,16,56,417,84,501,100.11729300649714,0.14705920255008523,0.20100502512562815,0.08040201005025126,0.1407035175879397
Côte d'Ivoire,35,20,55,375,61,436,301.50499907550477,0.11166103920086087,0.17587939698492464,0.10050251256281408,0.13819095477386933
Nicaragua,23,32,55,292,230,522,548.8620071886094,0.04442777154619546,0.11557788944723618,0.16080402010050251,0.13819095477386933
Syrian Arab Republic,34,21,55,242,219,461,149.62187577414173,0.07975825542223106,0.1708542713567839,0.10552763819095477,0.13819095477386933
Tunisia,25,30,55,303,91,394,185.94219454097177,0.16488370933471067,0.12562814070351758,0.1507537688442211,0.13819095477386933
Mali,29,25,54,192,276,468,412.8556962835173,0.05767706676804103,0.1457286432160804,0.12562814070351758,0.135678391959799
Bosnia and Herzegovina,37,15,52,597,99,696,104.00546904003613,0.24465820329236435,0.18592964824120603,0.07537688442211055,0.1306532663316583
Malawi,23,29,52,210,112,322,287.1812776121452,0.032659582065461615,0.11557788944723618,0.1457286432160804,0.1306532663316583
Iceland,11,40,51,29,305,334,114.08766427945505,0.011664723922304963,0.05527638190954774,0.20100502512562815,0.12814070351758794
Bangladesh,32,18,50,284,30,314,122.81048703655391,0.09697169699126472,0.16080402010050251,0.09045226130653267,0.12562814070351758
Iraq,40,10,50,310,24,334,135.4362260847361,0.0954205605779799,0.20100502512562815,0.05025125628140704,0.12562814070351758
Zambia,27,23,50,356,296,652,165.10018038356094,0.06394866107536919,0.135678391959799,0.11557788944723618,0.12562814070351758
Botswana,23,26,49,286,168,454,439.95601249141333,0.033329425731899134,0.11557788944723618,0.1306532663316583,0.12311557788944724
Malta,33,16,49,259,72,331,121.83535095962206,0.13707870282087814,0.1658291457286432,0.08040201005025126,0.12311557788944724
Mauritius,27,21,48,285,164,449,93.89193317428895,0.08484871182875546,0.135678391959799,0.10552763819095477,0.12060301507537688
Panama,30,18,48,423,188,611,136.66616438741167,0.08275388036194826,0.1507537688442211,0.09045226130653267,0.12060301507537688
Albania,34,13,47,530,17,547,256.9915189080014,0.24100172129371417,0.1708542713567839,0.06532663316582915,0.11809045226130653
Venezuela (Bolivarian Republic of),29,18,47,316,95,411,151.21565729161028,0.07593819757737598,0.1457286432160804,0.09045226130653267,0.11809045226130653
Costa Rica,27,19,46,394,337,731,311.59382231430527,0.08770234843892975,0.135678391959799,0.09547738693467336,0.11557788944723618
Libya,41,5,46,433,8,441,89.53710984528612,0.16662200800196827,0.20603015075376885,0.02512562814070352,0.11557788944723618
Armenia,31,14,45,232,85,317,82.85742608700077,0.0808682241592287,0.15577889447236182,0.07035175879396985,0.11306532663316583
Cameroon,35,9,44,210,102,312,322.91725607036597,0.08601549718084837,0.17587939698492464,0.04522613065326633,0.11055276381909548
Democratic Republic of the Congo,26,18,44,355,43,398,244.66404763563713,0.07275551799112774,0.1306532663316583,0.09045226130653267,0.11055276381909548
Kyrgyzstan,27,17,44,178,191,369,86.92391553204457,0.061489765458337925,0.135678391959799,0.08542713567839195,0.11055276381909548
North Macedonia,29,15,44,316,76,392,98.219699122048425,0.12446240574679442,0.1457286432160804,0.07537688442211055,0.11055276381909548
Uzbekistan,36,8,44,393,36,429,75.88196686984851,0.14192716394581104,0.18090452261306533,0.04020100502512563,0.11055276381909548
Zimbabwe,24,20,44,334,233,567,172.3905759385158,0.06600258356569229,0.12060301507537688,0.10050251256281408,0.11055276381909548
Dominican Republic,25,18,43,210,120,330,287.3984731534894,0.0584487835098264,0.12562814070351758,0.09045226130653267,0.10804020100502512
Guatemala,27,16,43,504,224,728,51.68586096716526,0.11689225671142095,0.135678391959799,0.08040201005025126,0.10804020100502512
Nepal,38,5,43,402,56,458,287.15100663914615,0.09952065047248691,0.19095477386934673,0.02512562814070352,0.10804020100502512
Republic of Moldova,23,19,42,318,151,469,145.98318976861978,0.15160219386796941,0.11557788944723618,0.09547738693467336,0.10552763819095477
Congo,34,7,41,173,20,193,147.94284227056258,0.06430972528070167,0.1708542713567839,0.035175879396984924,0.10301507537688442
Namibia,22,19,41,180,241,421,500.37471628873953,0.02836600832269192,0.11055276381909548,0.09547738693467336,0.10301507537688442
Brunei Darussalam,29,11,40,214,32,246,156.17563367354555,0.03419630134650559,0.1457286432160804,0.05527638190954774,0.10050251256281408
Burkina Faso,25,15,40,290,239,529,177.35873532370252,0.06687794334317904,0.12562814070351758,0.07537688442211055,0.10050251256281408
Rwanda,25,14,39,221,131,352,273.6902252586741,0.045833201403594204,0.12562814070351758,0.07035175879396985,0.09798994974874371
Barbados,22,16,38,132,313,445,365.08997891570357,0.030653727751617555,0.11055276381909548,0.08040201005025126,0.09547738693467336
Algeria,28,9,37,301,26,327,115.8664826712666,0.15170004310917337,0.1407035175879397,0.04522613065326633,0.09296482412060302
Sudan,24,13,37,101,112,213,59.615530048886,0.03355294212405304,0.12060301507537688,0.06532663316582915,0.09296482412060302
Mongolia,28,8,36,154,31,185,166.4375843121417,0.04651258405346561,0.1407035175879397,0.04020100502512563,0.09045226130653267
Sudan (former),24,12,36,91,69,160,84.28998407350723,0.02687528783570065,0.12060301507537688,0.06030150753768844,0.09045226130653267
Mozambique,21,14,35,246,25,271,332.5951062123947,0.026993622690580244,0.10552763819095477,0.07035175879396985,0.08793969849246232
Yemen,26,9,35,334,22,356,47.86784476159305,0.0664901826256305,0.1306532663316583,0.04522613065326633,0.08793969849246232
Benin,21,13,34,193,52,245,119.15031158376829,0.050092291658292966,0.10552763819095477,0.06532663316582915,0.08542713567839195
Montenegro,25,9,34,282,38,320,179.5515392335892,0.09956549764751806,0.12562814070351758,0.04522613065326633,0.08542713567839195
Afghanistan,24,9,33,126,41,167,210.08316621068826,0.02352834274433518,0.12060301507537688,0.04522613065326633,0.0829145728643216
Jamaica,12,21,33,112,80,192,353.62839821279044,0.03140280684602649,0.06030150753768844,0.10552763819095477,0.0829145728643216
Bolivia (Plurinational State of),22,10,32,232,21,253,52.28377305783714,0.03407695540352508,0.11055276381909548,0.05025125628140704,0.08040201005025126
Honduras,18,14,32,298,123,421,88.04427939719794,0.04884509542059628,0.09045226130653267,0.07035175879396985,0.08040201005025126
Antigua and Barbuda,17,14,31,131,38,169,391.0650143309997,0.021835137926500183,0.08542713567839195,0.07035175879396985,0.07788944723618091
Togo,19,11,30,188,43,231,50.09239937784485,0.042009283507090926,0.09547738693467336,0.05527638190954774,0.07537688442211055
El Salvador,20,9,29,294,128,422,20.184028021409876,0.03831446034936146,0.10050251256281408,0.04522613065326633,0.0728643216080402
Serbia and Montenegro,19,10,29,38,13,51,275.09445096226165,0.01724990814086546,0.09547738693467336,0.05025125628140704,0.0728643216080402
Guinea,22,5,27,144,9,153,210.8527994231334,0.04413346585965655,0.11055276381909548,0.02512562814070352,0.0678391959798995
Madagascar,19,7,26,111,35,146,53.62986909453174,0.04040964962690678,0.09547738693467336,0.035175879396984924,0.06532663316582915
Trinidad and Tobago,13,13,26,195,95,290,124.67667288996256,0.05095547426123386,0.06532663316582915,0.06532663316582915,0.06532663316582915
Burundi,20,4,24,193,31,224,0,0.03362304747622775,0.10050251256281408,0.020100502512562814,0.06030150753768844
Tajikistan,18,6,24,174,22,196,8.891004406836323,0.03360293643820966,0.09045226130653267,0.03015075376884422,0.06030150753768844
Cambodia,19,4,23,132,14,146,10.037001829169732,0.0272402020937647,0.09547738693467336,0.020100502512562814,0.05778894472361809
"China, Macao SAR",19,4,23,135,11,146,45.09543445489507,0.022396077404912944,0.09547738693467336,0.020100502512562814,0.05778894472361809
Paraguay,15,8,23,195,38,233,83.47706582493478,0.028470762590321087,0.07537688442211055,0.04020100502512563,0.05778894472361809
Guyana,12,10,22,119,30,149,158.02172810120726,0.024126638191987845,0.06030150753768844,0.05025125628140704,0.05527638190954774
Lao People's Democratic Republic,13,9,22,201,82,283,43.356139014843315,0.03703735038911772,0.06532663316582915,0.04522613065326633,0.05527638190954774
Gambia,19,2,21,121,2,123,51.149370276581855,0.05286135255028372,0.09547738693467336,0.010050251256281407,0.052763819095477386
Somalia,9,12,21,82,232,314,30.129374395489403,0.011532521590096928,0.04522613065326633,0.06030150753768844,0.052763819095477386
Djibouti,10,10,20,81,135,216,13.209683019079304,0.012865862011933994,0.05025125628140704,0.05025125628140704,0.05025125628140704
Maldives,20,0,20,128,0,128,0,0.023135523809833292,0.10050251256281408,0,0.05025125628140704
Sierra Leone,14,6,20,50,11,61,113.8125422979336,0.02295050913193389,0.07035175879396985,0.03015075376884422,0.05025125628140704
Turkmenistan,16,4,20,87,5,92,35.8241990923528,0.03110044753763353,0.08040201005025126,0.020100502512562814,0.05025125628140704
Cuba,10,9,19,29,43,72,30.480134165972675,0.01019350954949448,0.05025125628140704,0.04522613065326633,0.04773869346733668
Grenada,11,8,19,139,13,152,78.03792202398328,0.016207315168652797,0.05527638190954774,0.04020100502512563,0.04773869346733668
Mauritania,12,7,19,113,12,125,26.636149007073872,0.030702010508648476,0.06030150753768844,0.035175879396984924,0.04773869346733668
Saint Vincent and the Grenadines,13,6,19,84,23,107,157.82436591982042,0.01162259101787391,0.06532663316582915,0.03015075376884422,0.04773869346733668
Central African Republic,15,3,18,65,6,71,3.2681318681318685,0.02683505392185354,0.07537688442211055,0.01507537688442211,0.04522613065326633
Gabon,16,1,17,160,1,161,10.981661561938617,0.049398645876926515,0.08040201005025126,0.005025125628140704,0.04271356783919598
Seychelles,12,5,17,72,5,77,44.883374103029226,0.023221336855200257,0.06030150753768844,0.02512562814070352,0.04271356783919598
Bahamas,9,6,15,128,17,145,109.75949752787827,0.03553030201398203,0.04522613065326633,0.03015075376884422,0.03768844221105527
Chad,9,6,15,46,31,77,2.6854656454656456,0.01730151690342401,0.04522613065326633,0.03015075376884422,0.03768844221105527
Dominica,13,2,15,81,2,83,80.4848727038523,0.006928327039792578,0.06532663316582915,0.010050251256281407,0.03768844221105527
Eswatini,7,8,15,94,64,158,75.68732764769207,0.012283127813011748,0.035175879396984924,0.04020100502512563,0.03768844221105527
Saint Lucia,10,5,15,96,9,105,15.394612993918885,0.014775833976811667,0.05025125628140704,0.02512562814070352,0.03768844221105527
Suriname,12,3,15,113,10,123,165.83150730614236,0.04859467795039908,0.06030150753768844,0.01507537688442211,0.03768844221105527
Belize,8,6,14,102,19,121,22.233860017987435,0.02236655164003003,0.04020100502512563,0.03015075376884422,0.035175879396984924
Fiji,5,9,14,65,30,95,206.854909920807,0.003738845758550373,0.02512562814070352,0.04522613065326633,0.035175879396984924
Eritrea,11,2,13,30,25,55,0,0.014060870816077434,0.05527638190954774,0.010050251256281407,0.032663316582914576
Liberia,13,0,13,48,0,48,0,0.014293162339218304,0.06532663316582915,0,0.032663316582914576
New Caledonia,9,4,13,84,16,100,107.72687738983315,0.02759455933478149,0.04522613065326633,0.020100502512562814,0.032663316582914576
Vanuatu,6,7,13,33,13,46,210.4629707559905,0.001469456493027599,0.03015075376884422,0.035175879396984924,0.032663316582914576
Palestine,9,3,12,54,4,58,42.93732936092456,0.01777816996588555,0.04522613065326633,0.01507537688442211,0.03015075376884422
Bhutan,9,2,11,49,2,51,24.386062326689924,0.005451753898554739,0.04522613065326633,0.010050251256281407,0.02763819095477387
Cabo Verde,8,3,11,67,4,71,47.089735498989526,0.022299498413926346,0.04020100502512563,0.01507537688442211,0.02763819095477387
Comoros,9,2,11,101,3,104,15.584902337834935,0.012638014703531042,0.04522613065326633,0.010050251256281407,0.02763819095477387
Papua New Guinea,8,3,11,29,3,32,104.9537547957485,0.002534971305496805,0.04020100502512563,0.01507537688442211,0.02763819095477387
Saint Kitts and Nevis,8,3,11,74,5,79,127.88912827747464,0.011315363115616027,0.04020100502512563,0.01507537688442211,0.02763819095477387
Sao Tome and Principe,7,4,11,35,6,41,53.78512737303318,0.01043230576451385,0.035175879396984924,0.020100502512562814,0.02763819095477387
French Polynesia,8,2,10,78,3,81,8.848772855970997,0.014308087914922461,0.04020100502512563,0.010050251256281407,0.02512562814070352
Kiribati,9,0,9,26,0,26,0,0.0023146820568500977,0.04522613065326633,0,0.022613065326633167
Democratic People's Republic of Korea,7,1,8,31,1,32,8.897860536623948,0.006844730089287912,0.035175879396984924,0.005025125628140704,0.020100502512562814
Equatorial Guinea,7,0,7,39,0,39,0,0.006952954762347873,0.035175879396984924,0,0.017587939698492462
Solomon Islands,6,1,7,13,1,14,25.445178149210406,0.0013227371578837248,0.03015075376884422,0.005025125628140704,0.017587939698492462
Marshall Islands,6,0,6,16,0,16,0,0.003367715485944175,0.03015075376884422,0,0.01507537688442211
South Sudan,5,1,6,30,2,32,1.4273310023310022,0.0028190764688690194,0.02512562814070352,0.005025125628140704,0.01507537688442211
Faroe Islands,4,1,5,56,4,60,0,0.014402336945207993,0.020100502512562814,0.005025125628140704,0.01256281407035176
Haiti,4,1,5,72,2,74,0,0.013030625758602716,0.020100502512562814,0.005025125628140704,0.01256281407035176
Tonga,3,2,5,36,2,38,0,0.0027882743187954005,0.01507537688442211,0.010050251256281407,0.01256281407035176
Lesotho,2,2,4,79,31,110,0,0.01038126954451085,0.010050251256281407,0.010050251256281407,0.010050251256281407
Nauru,4,0,4,20,0,20,0,0.0010544474522017487,0.020100502512562814,0,0.010050251256281407
Samoa,4,0,4,31,0,31,0,0.001398730692336147,0.020100502512562814,0,0.010050251256281407
Timor-Leste,3,1,4,21,2,23,0,0.0024844751346525524,0.01507537688442211,0.005025125628140704,0.010050251256281407
Guinea-Bissau,3,0,3,20,0,20,0,0.0058582539532170035,0.01507537688442211,0,0.007537688442211055
Micronesia (Federated States of),3,0,3,12,0,12,0,0.0017065824124797588,0.01507537688442211,0,0.007537688442211055
Niue,1,2,3,6,2,8,0,2.379408440460855e-4,0.005025125628140704,0.010050251256281407,0.007537688442211055
Tokelau,1,1,2,1,1,2,3.531403363661428,8.805148207554465e-5,0.005025125628140704,0.005025125628140704,0.005025125628140704
Tuvalu,2,0,2,7,0,7,0,2.7940443423245205e-4,0.010050251256281407,0,0.005025125628140704
Cook Islands,1,0,1,19,0,19,0,7.534793394792733e-4,0.005025125628140704,0,0.002512562814070352
